origin,dest,count
22,19,23
30,35,94
35,30,96
35,36,72
36,35,72
38,2598,240
48,1809,6
53,2336,6
56,2068,34
139,3515,3
177,1567,1
177,2105,1
181,581,34
186,581,34
188,881,1
188,1254,3
188,2169,1
188,2186,1
226,2027,23
245,347,10
246,1040,161
250,2068,95
252,2055,60
253,581,130
259,2133,1
262,2214,69
268,1988,41
271,3073,125
273,2037,98
274,282,57
282,274,54
291,2598,43
293,1946,38
302,770,46
311,311,60
316,316,35
318,1001,39
334,336,20
335,420,74
339,2027,41
341,3513,50
343,2598,36
345,1946,61
346,346,11
351,601,45
355,355,11
357,1946,48
360,391,25
362,362,34
364,1928,65
365,1902,45
366,280,47
367,762,49
372,1172,49
380,1741,51
384,89,1
384,384,76
384,927,73
384,1567,1
384,2454,72
386,1201,37
392,3418,47
393,332,46
407,2055,62
418,418,68
420,335,57
420,439,51
425,1158,96
428,1793,18
434,1946,36
437,1747,22
452,452,69
453,2045,52
458,458,70
462,581,62
463,2214,43
465,2062,21
468,1756,4
470,470,95
473,1724,24
475,1944,50
476,476,31
481,548,37
485,1064,48
495,495,124
498,822,31
502,506,43
504,2331,15
508,3515,138
510,1137,37
521,1935,38
523,523,41
523,961,45
530,1537,51
531,488,1
533,724,31
551,2261,46
554,791,36
571,862,30
575,1944,37
581,181,34
581,186,34
581,253,99
581,462,61
583,1994,46
591,1762,10
591,2336,47
591,3793,76
603,679,24
605,3513,8
607,1723,28
615,1081,11
625,1550,20
633,2326,20
640,860,62
644,644,17
647,391,62
647,1790,19
650,650,163
655,769,50
655,1944,40
656,1172,40
660,1537,89
663,1064,44
664,665,5
677,677,28
681,681,53
684,391,65
685,685,13
692,2159,100
697,697,51
700,700,18
700,1051,36
702,33,7
702,315,41
715,2027,16
736,736,49
736,1712,33
737,1589,39
746,2252,6
752,1568,21
754,3569,45
762,367,46
762,687,60
772,1957,34
775,775,83
791,554,40
791,1913,50
809,809,114
820,1944,51
822,498,33
831,1809,14
837,1740,50
846,1946,29
854,2035,84
855,1479,35
855,1481,25
862,571,36
865,3361,34
867,946,39
873,1793,24
892,1037,48
909,3362,183
921,3380,55
927,384,73
927,1820,15
927,2454,25
934,2326,9
946,867,32
972,1908,24
980,979,52
980,1105,28
981,1747,19
987,1419,76
987,1516,27
987,2073,3
989,1824,45
990,2208,34
996,401,44
1001,318,30
1004,2155,46
1011,1520,69
1020,2967,41
1028,444,44
1028,1077,49
1034,1613,39
1044,1044,22
1050,1050,29
1056,1944,44
1057,2280,51
1057,3421,46
1057,3793,68
1064,485,50
1064,663,43
1064,1064,242
1068,1068,53
1068,1712,31
1072,1291,67
1075,1150,46
1076,1520,81
1076,2159,100
1079,1420,34
1089,1089,27
1089,1830,48
1092,1223,15
1103,1591,33
1103,2073,52
1103,2938,54
1111,1269,99
1113,1113,41
1123,1123,38
1125,796,24
1135,3455,47
1137,510,46
1137,1502,31
1140,1140,26
1143,1143,47
1143,1636,49
1147,1147,40
1147,2169,125
1149,469,54
1154,1106,41
1154,1637,39
1155,298,41
1158,425,80
1167,2201,69
1167,3380,100
1171,1336,30
1172,372,55
1172,1630,34
1172,1689,64
1172,1730,21
1201,386,38
1201,1081,49
1207,2055,35
1211,2598,51
1212,611,39
1219,1830,39
1222,1342,28
1235,1008,45
1238,1078,27
1238,1613,36
1249,2128,27
1252,2194,60
1253,1297,41
1263,1263,42
1264,2598,37
1266,1877,30
1275,1275,33
1280,1280,55
1280,2094,27
1286,1286,135
1286,1468,4
1286,2169,27
1300,3607,35
1301,1006,44
1301,1712,56
1302,1302,34
1311,1151,46
1315,1944,49
1319,1319,2
1321,1994,21
1322,1937,19
1326,1636,75
1336,1171,23
1336,1457,17
1347,1464,23
1351,1351,27
1369,1438,23
1369,2073,40
1380,1724,18
1382,1382,43
1388,1388,40
1394,1394,58
1397,1269,36
1398,1734,47
1406,2073,27
1410,1453,19
1423,2073,27
1427,1572,21
1429,1946,22
1442,1026,40
1442,1040,34
1447,1793,27
1457,1336,15
1458,1747,18
1477,1477,22
1479,522,36
1479,855,45
1480,1234,35
1480,1999,8
1480,2078,37
1481,855,40
1489,2252,4
1493,1494,3
1493,1530,29
1501,1501,42
1502,1137,37
1525,2095,36
1525,3164,41
1530,1493,27
1544,2186,23
1549,1340,46
1549,1549,32
1549,1616,42
1554,1554,123
1558,1558,58
1561,2320,33
1572,1427,21
1574,2345,30
1590,1590,44
1594,1594,39
1604,824,100
1604,1512,46
1604,2113,35
1608,1890,25
1616,1549,42
1616,1616,27
1616,2697,55
1618,1946,42
1619,1654,28
1619,1672,27
1620,1236,62
1623,2724,226
1630,1172,36
1642,1751,26
1647,2312,35
1650,1804,21
1651,2036,2
1654,2216,42
1678,2169,23
1689,1172,62
1689,1745,17
1693,1693,26
1694,1862,15
1713,1713,41
1724,473,25
1724,513,32
1724,1176,42
1724,1380,18
1728,2454,13
1730,1172,29
1734,395,39
1734,1398,50
1738,2268,1
1743,1747,27
1743,2062,59
1747,437,29
1747,981,23
1747,1458,22
1747,1743,22
1747,1747,68
1747,2019,12
1754,1902,21
1754,2247,122
1756,468,4
1756,536,43
1756,1756,21
1758,1758,20
1760,2257,24
1765,1684,16
1768,1789,17
1771,1946,26
1772,1663,25
1775,1744,26
1775,1775,15
1776,404,22
1776,1669,2
1776,2252,2
1776,2318,30
1778,2261,12
1788,1788,210
1788,1907,13
1791,1937,4
1797,1944,20
1798,1967,20
1799,567,44
1799,1799,18
1802,2214,22
1814,1589,46
1814,1814,9
1815,300,71
1815,1957,10
1816,1816,9
1817,1817,14
1817,1991,89
1826,1826,16
1828,1723,119
1828,1740,21
1828,1830,36
1831,1831,10
1835,1021,42
1835,1835,15
1835,1837,82
1837,1835,73
1838,1911,8
1840,1401,2
1840,1920,13
1844,1844,42
1854,1854,12
1858,1858,53
1859,994,75
1859,3026,27
1863,974,42
1863,1913,18
1867,1800,14
1867,1867,9
1872,2014,26
1873,1873,14
1874,1874,42
1875,2052,10
1877,1266,32
1877,1988,9
1880,1732,10
1885,1824,10
1886,1938,40
1891,1938,7
1897,1897,47
1898,2598,23
1900,469,84
1900,1900,38
1902,365,47
1902,1754,21
1902,1902,13
1905,1957,6
1906,1938,3
1907,1788,17
1908,972,23
1908,1843,4
1910,1589,39
1914,1914,6
1925,1934,11
1928,364,85
1930,1941,58
1934,1925,11
1935,521,43
1935,1935,9
1936,1936,21
1937,1322,26
1937,1714,30
1937,1791,4
1942,3784,10
1943,1943,10
1945,1945,14
1947,1991,9
1952,1952,11
1955,1955,12
1957,1815,10
1957,1905,6
1957,2894,5
1966,2653,6
1966,3536,11
1967,1798,19
1967,1957,5
1967,1992,71
1969,1948,9
1970,2268,2
1972,1972,3
1973,387,109
1973,1959,24
1973,2184,6
1973,2197,49
1973,3108,34
1974,1977,1
1983,1983,11
1986,1986,8
1988,268,36
1988,1877,9
1991,1817,74
1991,1845,10
1991,1947,7
1992,535,70
1992,1967,72
1992,1992,3
1992,2747,60
1993,1695,2
1993,2267,1
1993,2331,15
1996,1996,12
1999,18,79
1999,1523,2
1999,1663,42
1999,1999,7
1999,2123,75
1999,2201,89
2001,839,113
2001,2001,74
2007,2018,17
2009,2008,17
2011,2011,80
2011,2784,52
2012,2012,1
2014,1872,15
2014,2014,12
2021,2021,2
2023,860,66
2023,2023,33
2023,2026,8
2025,2025,4
2025,2598,45
2026,2023,9
2027,226,24
2027,339,43
2027,715,14
2027,2343,71
2029,2029,50
2031,3335,5
2038,2035,2
2041,2041,22
2042,2006,4
2044,2044,12
2047,3793,6
2049,917,33
2049,2045,7
2057,3362,25
2058,2058,7
2061,2019,20
2061,2062,5
2063,1725,27
2063,2063,12
2071,1516,126
2071,2113,67
2071,2216,14
2074,2074,4
2095,1613,39
2095,2114,40
2122,2123,57
2122,2176,1
2127,2127,70
2127,2128,91
2127,2159,102
2133,259,113
2133,866,113
2133,2183,2
2140,1669,1
2150,2149,3
2151,2151,1
2152,1859,40
2153,2073,59
2153,2153,102
2153,2169,100
2157,2210,4
2161,2161,7
2169,188,3
2169,1147,125
2169,1202,33
2169,1286,27
2169,1371,3
2169,1678,24
2169,2068,135
2169,2113,40
2169,2153,103
2169,2169,52
2169,2170,2
2169,2193,27
2176,1520,56
2176,2122,1
2176,2159,56
2176,2175,2
2180,742,2
2183,2133,2
2218,2126,10
2219,2326,1
2222,1364,49
2222,1438,3
2222,2223,1
2229,2267,5
2232,29,12
2232,2214,24
2232,2234,5
2232,2325,20
2240,169,109
2240,3793,3
2247,1754,118
2247,2247,1
2251,2284,1
2261,551,41
2267,1993,1
2267,2229,5
2267,2325,1
2268,1738,1
2271,2046,1
2271,2197,1
2271,2312,4
2271,2337,3
2271,2784,4
2271,3139,2
2278,2310,2
2281,114,29
2281,500,35
2281,706,25
2281,1272,53
2281,2325,3
2281,3362,2
2294,2338,3
2302,2329,2
2306,3378,12
2306,3793,74
2312,1647,36
2312,2271,4
2312,2313,4
2313,2210,4
2313,2295,1
2313,2312,4
2316,2338,1
2318,1776,29
2318,2321,2
2324,2295,1
2331,1677,46
2331,2175,20
2331,2325,38
2331,2332,8
2331,3355,20
2331,3362,17
2335,2295,2
2335,3277,4
2340,2339,1
2341,2341,3
2341,2343,3
2343,2027,76
2343,2341,3
2347,2346,1
2348,2342,2
2359,1980,21
2362,1999,79
2363,2784,16
2364,22,23
2369,702,7
2371,60,1
2371,952,1
2371,2337,1
2372,40,25
2373,42,25
2380,814,12
2382,3636,71
2383,2326,15
2384,59,13
2386,2326,13
2391,1008,1
2393,2001,2
2394,71,6
2395,72,6
2398,3621,9
2399,77,3
2401,2330,15
2402,2342,46
2407,2724,15
2411,2068,45
2416,99,2
2431,2160,2
2433,3026,26
2444,2326,4
2446,3362,9
2454,927,26
2454,1058,12
2454,1728,13
2454,1729,13
2454,1820,6
2460,170,2
2461,171,2
2463,2261,38
2465,2240,116
2467,384,2
2468,3028,45
2473,1840,2
2481,218,31
2486,232,67
2487,2306,67
2493,920,18
2494,237,52
2494,245,10
2504,267,106
2510,285,68
2512,2004,37
2514,523,47
2516,1572,63
2517,302,50
2521,1028,47
2522,3383,68
2527,1057,18
2532,655,48
2534,334,20
2537,2281,36
2543,351,45
2545,3335,53
2549,363,31
2550,366,51
2556,380,52
2557,384,72
2558,1756,46
2560,1975,22
2562,393,51
2563,2281,39
2564,2055,5
2566,591,53
2567,1973,112
2568,3534,65
2570,1537,41
2572,420,66
2574,860,54
2576,1254,45
2576,1567,91
2578,567,22
2581,2331,46
2585,496,46
2595,449,18
2595,2326,18
2598,38,237
2598,291,51
2598,343,44
2598,455,35
2598,1211,47
2598,1264,39
2598,1898,20
2598,2025,50
2603,466,27
2607,2023,23
2609,481,38
2611,486,20
2612,1757,87
2612,2325,1
2614,496,52
2616,502,43
2621,3362,16
2622,514,131
2622,3638,227
2623,515,46
2631,532,7
2641,545,7
2643,2028,28
2645,497,52
2645,552,47
2646,3536,24
2653,1887,66
2653,1966,6
2653,2049,35
2663,2064,24
2666,1815,65
2668,1337,42
2668,1480,8
2668,2094,48
2669,2071,12
2671,592,62
2674,1859,28
2675,1921,38
2680,603,24
2689,3362,1
2690,625,14
2695,952,5
2697,639,1
2697,1464,28
2697,1616,50
2697,1839,17
2702,646,6
2703,647,29
2707,656,47
2709,2148,11
2713,3712,109
2717,671,39
2722,1724,36
2724,86,15
2724,937,83
2724,1623,226
2724,2724,28
2724,3217,78
2725,360,25
2725,647,74
2725,684,69
2727,687,51
2728,1732,36
2729,2186,42
2737,700,38
2740,2214,41
2740,3481,34
2741,705,1
2741,839,84
2741,3226,54
2742,531,1
2742,706,2
2747,1445,16
2747,1622,38
2747,1992,57
2747,2182,27
2748,702,42
2748,2024,73
2749,3073,32
2750,718,3
2755,3246,28
2759,734,31
2762,739,114
2763,3481,70
2770,752,21
2771,2123,46
2772,754,52
2774,2325,48
2774,2338,14
2774,3362,45
2776,759,54
2776,2325,19
2779,1994,14
2781,505,4
2781,768,93
2784,21,16
2784,773,4
2784,2003,43
2784,2011,52
2784,2271,5
2784,2784,358
2788,2194,52
2789,780,20
2793,1835,36
2796,2094,104
2797,790,63
2797,1778,134
2797,2724,83
2799,959,1
2806,3241,61
2810,806,54
2812,809,7
2814,811,7
2815,2001,1
2815,2068,1
2815,2741,75
2815,2963,75
2816,814,75
2819,475,50
2819,820,66
2821,2094,48
2829,529,5
2829,1484,42
2831,607,27
2831,837,50
2831,1828,119
2842,852,6
2849,1280,28
2851,2095,68
2854,48,6
2854,831,18
2854,1809,29
2861,808,47
2861,880,1
2861,1859,4
2864,525,16
2864,883,6
2866,905,55
2866,1143,1
2866,1548,1
2866,2332,167
2866,2866,28
2873,2122,1
2873,2123,55
2873,2216,1
2877,3361,36
2878,952,42
2887,2155,55
2888,1992,58
2894,925,9
2894,1957,4
2894,2894,7
2901,933,2
2901,2095,46
2903,1775,26
2905,937,69
2906,2866,55
2910,943,12
2911,944,12
2911,3362,6
2914,948,33
2915,949,36
2915,1151,29
2915,1636,156
2916,1470,59
2916,2222,46
2917,1920,5
2917,2242,46
2919,953,1
2919,2094,113
2919,3702,2
2920,954,27
2923,1636,43
2924,743,47
2924,958,64
2924,1371,113
2924,1516,14
2924,2169,3
2929,1672,63
2935,980,28
2935,2110,35
2936,2159,2
2937,980,51
2938,2207,74
2940,984,38
2946,991,72
2948,1859,83
2948,2159,9
2948,3203,35
2954,1002,55
2956,1005,29
2961,2028,43
2963,839,91
2963,1340,2
2967,1020,92
2967,2967,35
2971,1028,43
2986,3073,39
2987,1197,35
2993,1058,48
2993,1962,38
2993,2454,12
2995,1067,28
2995,1238,28
2996,736,34
2996,1068,41
2996,1301,57
3000,1074,59
3001,1075,47
3003,1079,43
3005,738,3
3005,860,47
3005,1081,32
3005,1937,43
3011,1103,34
3011,2938,52
3011,3164,52
3017,762,51
3017,1093,49
3023,1103,55
3023,1386,82
3023,1591,53
3024,1638,43
3026,1111,98
3026,1859,30
3026,2261,37
3028,1090,45
3028,1234,52
3028,1637,44
3028,2182,28
3032,1154,41
3032,1636,25
3037,1129,1
3039,2281,16
3045,1144,54
3046,1145,9
3047,1401,4
3047,2118,4
3048,1149,71
3048,1900,107
3049,1893,144
3049,2008,17
3052,1155,39
3055,1159,5
3059,1164,29
3059,3784,53
3060,1165,65
3063,1498,47
3063,3246,49
3067,1553,8
3072,415,22
3072,516,67
3072,640,52
3072,1799,42
3072,2023,61
3072,3005,46
3073,271,123
3073,382,34
3073,1187,2
3073,2338,39
3073,3362,52
3073,3378,16
3076,1386,124
3076,2105,1
3076,2109,18
3076,2741,4
3082,921,50
3082,1153,33
3082,1202,42
3082,3226,39
3083,252,65
3083,407,62
3083,1207,26
3085,1212,33
3090,1219,28
3090,1830,37
3092,1637,41
3099,1235,51
3100,1636,27
3101,924,31
3101,1034,40
3101,1238,31
3101,1636,40
3101,2095,40
3101,2103,134
3101,3361,75
3102,1610,23
3102,1636,7
3102,2866,83
3105,1307,42
3105,2169,33
3106,1357,26
3108,1973,30
3108,2214,1
3108,2253,2
3108,3793,24
3112,1253,42
3114,2103,71
3114,2139,58
3118,1610,43
3119,2073,30
3139,1342,27
3139,2068,113
3139,2271,1
3140,1298,28
3140,1357,61
3140,1516,29
3140,1610,27
3140,1636,41
3141,1301,44
3143,987,73
3143,2182,64
3147,1516,68
3147,2216,2
3149,1072,68
3149,1197,27
3149,1311,40
3149,1622,33
3150,1313,105
3150,2155,67
3160,1326,15
3164,1333,1
3164,1525,41
3164,1591,52
3166,1604,135
3166,2169,2
3166,2186,1
3166,2861,49
3170,1002,1
3170,1344,3
3170,1975,21
3170,2159,11
3172,1346,20
3175,1105,36
3175,1663,98
3181,1106,25
3181,1143,48
3181,1197,156
3181,1326,68
3181,1357,40
3181,1358,52
3181,1548,7
3181,1613,38
3181,2150,39
3182,2118,2
3183,1359,54
3183,3481,4
3187,1401,2
3187,2134,8
3189,1222,28
3189,1342,182
3189,1567,113
3189,1668,42
3189,2175,3
3189,2192,49
3189,2204,4
3189,2320,29
3191,1697,54
3196,1523,2
3200,246,161
3200,1442,36
3200,2175,3
3203,994,35
3203,1637,2
3203,2160,38
3204,1291,118
3204,1386,40
3204,2938,84
3212,1397,33
3212,2206,1
3214,1400,41
3217,2216,1
3220,188,3
3220,1342,64
3220,2186,54
3220,2576,41
3220,3226,1
3223,2326,15
3224,1413,64
3226,1307,44
3226,1416,4
3226,2741,54
3235,1285,22
3235,1938,37
3236,1679,17
3237,988,45
3237,1807,44
3238,2280,44
3240,1125,27
3240,1637,1
3241,1437,138
3242,1369,23
3242,2222,3
3243,1092,15
3243,1223,204
3243,2697,165
3244,617,1
3244,1442,59
3246,750,28
3246,1445,52
3246,2139,60
3246,3641,1
3247,428,21
3247,873,22
3247,1447,37
3247,1793,44
3248,2270,24
3253,1410,19
3253,1736,34
3253,1820,33
3257,2331,8
3260,1364,54
3260,1468,42
3265,1475,28
3267,1479,28
3268,1090,1
3268,1234,26
3268,1480,34
3268,3028,54
3272,2063,32
3273,1626,1
3273,2134,4
3277,1493,3
3280,1714,3
3281,1498,38
3281,2068,66
3282,1959,4
3283,1406,2
3283,1480,34
3283,2128,54
3285,1293,17
3285,1626,1
3285,2325,77
3286,1929,14
3289,987,3
3289,1103,53
3289,1246,52
3289,1369,41
3289,1406,28
3289,1423,29
3289,1452,28
3289,1512,27
3289,2072,70
3289,2103,34
3289,2153,54
3290,1527,2
3292,1498,31
3292,1523,4
3292,2068,1
3292,2073,55
3292,2113,52
3292,2201,64
3293,1424,1
3293,1495,2
3293,1516,20
3301,2338,248
3304,1619,28
3304,2207,2
3304,2320,28
3304,2337,5
3309,1337,82
3309,2326,33
3309,2668,42
3310,1610,27
3310,2193,62
3311,1839,2
3314,1863,44
3318,2281,51
3319,1110,44
3319,1357,28
3319,1548,26
3319,2162,27
3319,2182,59
3319,2337,28
3320,1553,9
3321,2182,2
3322,569,31
3322,641,53
3322,1419,58
3322,1545,2
3322,1610,55
3322,2747,28
3322,3028,26
3322,3381,2
3324,1561,33
3329,1859,37
3331,177,3
3331,384,1
3331,1342,5
3331,1483,1
3331,1527,2
3331,1567,73
3331,1637,1
3331,1668,3
3331,2068,84
3331,2123,95
3332,1570,20
3334,1637,4
3334,2159,82
3334,2201,52
3335,712,52
3335,939,44
3335,1574,36
3335,2031,5
3336,94,2
3336,841,41
3336,1154,38
3336,1422,51
3336,1567,5
3336,1576,4
3336,1859,44
3336,1999,2
3336,2186,3
3336,3380,50
3336,3387,32
3336,3481,3
3336,3629,1
3340,2206,1
3342,2204,2
3343,3793,2
3344,188,3
3344,1254,54
3344,1544,26
3344,1714,2
3344,1839,1
3344,2068,53
3344,2123,74
3344,2134,10
3344,2326,2
3345,1796,1
3345,2280,1
3345,2293,2
3345,3712,5
3345,3793,56
3348,1577,41
3348,1599,31
3349,937,6
3349,1498,41
3349,2216,4
3350,613,28
3350,1022,56
3350,2201,27
3350,2861,4
3351,1274,32
3351,1602,60
3352,3712,1
3354,1610,2
3354,2094,56
3355,1607,16
3355,2331,18
3356,1214,28
3356,1608,24
3357,266,33
3357,1048,2
3357,1462,5
3357,2293,43
3357,2326,5
3357,2336,63
3358,1610,2
3358,1637,52
3358,2094,70
3361,865,33
3361,1613,75
3361,1643,36
3361,2113,72
3362,87,9
3362,508,16
3362,909,180
3362,1626,1
3362,1762,32
3362,1781,21
3362,2057,11
3362,2198,1
3362,2209,22
3362,2269,7
3362,2281,2
3362,2316,2
3362,2325,97
3362,2326,47
3362,2331,17
3362,2336,2
3362,3073,52
3366,967,63
3366,1619,28
3367,1620,50
3369,1151,30
3369,1286,4
3369,1468,96
3369,1470,42
3369,1622,40
3369,2332,37
3370,1623,2
3371,2189,2
3373,720,2
3373,1626,1
3376,2326,18
3377,2204,3
3378,1634,2
3378,2291,18
3378,2306,9
3378,3073,21
3378,3383,15
3380,921,49
3380,1167,74
3380,1636,1
3380,1637,51
3380,3380,68
3381,1307,54
3381,1637,1
3382,1393,47
3382,1638,19
3383,216,73
3383,2290,3
3383,2318,1
3383,2326,3
3383,2338,75
3383,3378,17
3383,3712,56
3384,1640,26
3385,2326,13
3386,1642,20
3387,1637,34
3387,1643,1
3388,1011,73
3388,1076,71
3388,1778,110
3388,2114,27
3388,2176,59
3395,3355,14
3396,1445,38
3396,1476,35
3396,1662,35
3397,664,5
3397,959,65
3397,1663,14
3397,1999,43
3397,2072,2
3397,2094,87
3398,1959,2
3399,3712,7
3400,631,54
3400,2293,1
3400,2326,2
3403,1037,100
3403,1291,18
3403,1668,2
3403,2109,81
3403,2201,112
3405,1604,44
3405,2073,27
3405,2201,28
3407,1679,29
3411,1724,40
3413,1694,16
3415,1677,1
3415,1959,32
3415,1993,2
3416,920,36
3416,1697,31
3418,392,47
3418,3362,1
3419,530,51
3419,660,78
3419,1537,53
3419,1702,34
3419,3419,62
3421,193,73
3421,1057,47
3421,1959,24
3421,2270,66
3423,615,11
3423,1201,50
3423,1714,29
3424,1946,15
3426,3357,37
3426,3793,26
3428,1721,5
3429,2335,20
3430,1343,100
3430,2192,22
3431,1734,34
3432,1735,19
3433,1453,34
3433,1736,15
3435,1973,6
3435,2253,3
3435,2331,6
3438,1689,14
3438,1746,37
3439,1748,25
3442,1752,18
3443,3712,56
3445,1760,24
3447,1764,111
3449,1768,17
3450,1903,9
3451,591,9
3451,3362,32
3453,1772,18
3454,1732,46
3454,1773,17
3455,1135,53
3455,1774,18
3455,3455,56
3457,937,112
3457,1520,100
3457,1523,3
3457,1777,55
3458,1778,55
3459,3362,21
3461,3345,34
3462,1784,38
3463,1785,25
3466,1795,16
3466,1904,29
3469,1801,12
3472,1650,30
3472,1804,7
3474,1807,13
3474,1860,26
3475,1340,104
3475,1416,2
3475,1464,29
3475,1549,54
3475,2068,13
3476,1371,48
3476,2068,16
3477,1818,42
3478,1819,20
3479,927,15
3479,1453,33
3479,2454,6
3480,1911,21
3481,288,77
3481,814,68
3481,1167,2
3481,1216,40
3481,1359,4
3481,1732,39
3481,2068,12
3481,2740,45
3481,3481,8
3482,1828,13
3483,1829,17
3484,1830,13
3485,3513,16
3487,1401,6
3487,1839,17
3493,575,42
3493,655,49
3493,1056,47
3493,1315,49
3493,1797,21
3493,1852,9
3494,1853,13
3495,1856,16
3497,1130,57
3497,1860,13
3498,1484,45
3498,1861,15
3499,791,50
3499,1863,16
3499,3499,22
3500,1865,16
3500,1994,55
3501,1921,14
3502,1867,13
3503,1868,11
3503,2057,16
3505,1870,15
3506,1871,13
3507,533,30
3507,1875,13
3507,3606,25
3508,662,43
3508,1876,12
3509,562,37
3509,1880,10
3509,3454,46
3509,3481,46
3511,1745,37
3511,1882,19
3512,1884,1
3513,341,58
3513,605,13
3513,989,46
3513,1765,17
3513,1806,14
3513,1885,9
3513,3513,192
3515,139,3
3515,347,49
3515,508,140
3515,1626,2
3515,1888,51
3515,3712,6
3515,3793,50
3516,2653,61
3516,3536,13
3517,1890,29
3521,1895,22
3523,937,40
3523,1089,48
3523,1219,40
3523,1828,47
3523,1901,10
3524,1805,8
3524,1903,42
3525,1904,12
3526,1164,36
3526,1886,34
3526,1891,7
3526,1906,3
3527,1908,6
3528,1882,42
3528,1909,21
3529,737,36
3529,1589,54
3529,1814,41
3529,1910,29
3532,1917,21
3533,1918,14
3534,240,73
3534,996,39
3534,1919,7
3536,293,47
3536,345,68
3536,357,56
3536,434,42
3536,846,26
3536,1429,30
3536,1618,58
3536,1771,18
3536,1847,11
3536,1887,11
3536,1924,12
3536,1966,10
3537,1926,15
3538,1928,18
3541,1931,10
3542,1929,6
3542,1932,15
3543,1921,22
3543,1939,30
3544,1940,35
3545,1930,55
3545,1941,13
3546,1944,11
3548,1950,4
3549,2261,13
3551,2270,47
3551,3248,14
3552,1959,35
3554,583,48
3554,1865,70
3554,1994,9
3555,1058,38
3555,1736,1
3555,1962,13
3556,1954,38
3556,2270,11
3557,1321,21
3557,1965,29
3558,772,55
3558,1967,8
3559,1969,9
3562,78,3
3562,542,77
3562,1371,59
3562,1974,1
3562,3481,46
3564,1980,10
3564,2372,21
3565,1981,43
3566,1982,5
3567,390,22
3567,2346,10
3567,3170,21
3568,354,44
3568,2270,59
3568,3421,66
3568,3551,26
3569,1987,81
3570,1989,8
3571,1991,10
3573,1994,21
3574,1995,34
3575,1998,55
3576,2784,44
3577,188,1
3577,799,2
3577,866,28
3577,881,140
3577,1060,3
3577,1371,1
3577,1516,46
3577,2002,1
3578,876,39
3578,2004,16
3580,2007,28
3581,1893,15
3581,2009,17
3582,2010,9
3585,2194,18
3586,892,47
3586,1475,31
3586,1629,27
3586,2017,5
3586,2105,56
3586,2109,92
3586,2170,55
3587,2019,16
3587,2062,58
3588,1747,12
3588,2020,16
3588,2061,19
3590,315,65
3590,2024,1
3591,2027,1
3592,565,31
3592,2028,2
3593,2113,50
3593,2124,2
3593,2175,13
3593,2201,97
3595,1946,14
3595,2034,1
3596,1651,2
3596,2036,36
3597,273,70
3597,2037,29
3598,854,73
3598,2038,2
3601,2042,4
3602,2214,8
3603,2271,1
3604,160,4
3604,453,55
3604,2049,7
3604,2068,29
3605,262,82
3605,463,47
3605,1101,44
3605,1802,17
3605,2050,3
3605,2214,54
3605,2232,17
3606,2052,22
3607,1300,41
3607,2053,44
3607,3607,15
3609,2055,4
3609,3609,29
3611,2060,13
3612,465,22
3612,1743,64
3612,2020,75
3612,2061,5
3613,580,24
3613,2064,1
3614,1920,52
3614,3629,10
3614,3633,12
3618,56,47
3618,60,1
3618,207,80
3618,250,95
3618,839,10
3618,952,1
3618,1340,13
3618,1476,80
3618,2069,7
3618,2105,23
3618,2169,135
3618,2186,53
3618,2337,95
3618,3139,113
3618,3310,47
3618,3670,53
3618,3702,1
3619,2071,14
3620,2072,3
3621,1328,2
3621,2073,79
3622,504,15
3622,1993,19
3622,2184,6
3622,2326,4
3624,2077,2
3626,1334,40
3626,2079,2
3627,2094,8
3627,2095,21
3628,802,52
3628,962,86
3628,1287,1
3628,1422,81
3628,1424,42
3628,1663,86
3628,2094,112
3628,2144,52
3628,2158,56
3628,2206,8
3628,2668,54
3628,2919,113
3629,1535,1
3629,2148,2
3629,2216,4
3629,3614,5
3630,2083,7
3632,2216,2
3633,1544,13
3633,2134,6
3634,2078,5
3634,2088,2
3636,1613,49
3636,2090,1
3636,3636,86
3638,2132,2
3639,2204,4
3639,3362,15
3640,843,41
3640,2094,2
3641,2068,217
3641,2095,3
3641,2919,2
3642,910,64
3642,1009,40
3642,1525,26
3642,2054,4
3642,2206,21
3642,3702,3
3643,952,38
3643,2124,4
3644,2098,2
3645,2193,8
3647,1340,28
3647,1347,23
3647,2105,42
3647,2697,25
3647,2747,1
3648,2073,34
3648,2166,75
3648,2206,2
3650,177,1
3650,1424,4
3650,1464,42
3650,1475,56
3650,1697,13
3650,2068,23
3650,2113,3
3652,2106,11
3656,701,3
3656,1339,66
3656,2110,3
3656,2143,68
3659,1516,34
3659,1520,27
3659,1610,52
3659,2095,49
3659,2113,2
3660,97,13
3660,1443,58
3660,1604,41
3660,2071,63
3660,2105,3
3660,2114,2
3660,2169,41
3660,3361,73
3660,3593,54
3664,3047,4
3666,1523,3
3666,2124,2
3670,2068,50
3670,2132,11
3670,2206,1
3671,2210,5
3671,2291,3
3671,2336,3
3672,2132,5
3672,2337,41
3673,2134,4
3674,2337,4
3675,1695,13
3675,1960,13
3675,1973,28
3675,2136,8
3675,3421,18
3677,937,3
3677,2138,3
3677,2139,3
3677,2166,54
3677,3246,63
3678,2139,3
3678,3712,8
3679,1776,2
3679,2140,1
3679,2305,12
3682,2094,39
3682,2143,5
3683,1339,68
3683,2144,5
3685,742,1
3685,881,28
3685,2133,113
3685,3629,2
3686,2150,3
3687,1612,38
3687,1637,51
3687,1921,1
3687,2152,48
3688,2169,3
3689,2155,2
3689,2186,2
3691,1004,40
3691,1249,27
3691,1313,67
3691,2078,41
3691,2127,85
3691,2158,66
3692,1613,3
3692,2159,4
3692,3203,41
3693,692,90
3693,1076,103
3693,1576,89
3693,2111,7
3693,2127,105
3693,2159,69
3693,2160,4
3693,2176,49
3693,2337,42
3693,3170,11
3697,2068,7
3697,2193,2
3698,5,72
3698,2166,2
3701,1037,2
3701,1475,56
3701,2169,2
3701,2216,2
3702,3246,1
3703,2173,15
3705,1567,110
3705,1999,74
3705,2032,13
3705,2122,51
3705,2125,2
3705,2176,2
3705,2186,63
3705,2331,20
3705,2873,47
3709,866,1
3709,2180,2
3711,2109,2
3711,2182,1
3712,115,2
3712,1749,70
3712,2125,107
3712,2221,58
3712,2258,8
3712,2337,10
3712,3046,2
3712,3345,5
3712,3383,65
3712,3515,5
3715,160,8
3715,2068,113
3715,2189,2
3718,987,29
3718,1357,29
3718,1516,37
3718,1654,42
3718,2071,134
3718,2085,2
3718,2100,8
3718,2114,34
3718,2162,66
3718,2169,26
3718,2170,2
3718,2192,1
3718,2337,58
3718,3147,59
3718,3481,40
3719,1342,54
3719,1343,28
3719,2193,1
3720,1252,57
3720,1465,46
3720,2013,18
3720,2194,5
3721,2195,4
3721,2258,3
3722,990,32
3722,2196,2
3724,1973,49
3724,2271,1
3724,2278,1
3725,2201,40
3726,2210,3
3726,3362,1
3727,1167,63
3727,1246,74
3727,1512,28
3727,1576,42
3727,1859,24
3727,1999,82
3727,2109,107
3727,2201,33
3727,2203,43
3727,2747,16
3727,3593,93
3728,2204,5
3729,1587,2
3729,2205,5
3729,2221,3
3730,1082,75
3730,1640,2
3730,1782,4
3730,2163,1
3730,2206,1
3730,2284,75
3731,2103,2
3731,2207,1
3732,2207,1
3732,2208,2
3733,746,6
3733,1489,4
3733,1776,2
3733,2193,4
3733,2210,1
3733,2336,1
3734,2129,5
3734,2157,4
3734,2198,3
3734,2252,1
3734,2313,4
3735,1307,32
3735,2212,1
3736,2232,11
3736,2330,1
3736,3108,1
3739,1662,3
3739,2162,2
3739,2252,4
3739,2337,2
3739,2873,1
3740,2218,10
3741,37,16
3741,47,14
3741,108,4
3741,431,24
3741,526,19
3741,633,21
3741,934,9
3741,999,23
3741,2059,24
3741,2089,7
3741,2186,4
3741,2219,1
3741,2331,4
3741,2595,18
3741,3362,57
3741,3383,3
3742,1749,86
3742,2221,2
3743,2222,1
3744,160,9
3744,990,41
3744,1455,5
3744,1610,30
3744,1640,5
3744,2068,95
3744,2159,46
3744,2193,61
3744,2271,2
3744,3712,23
3745,254,34
3745,1838,8
3745,2227,1
3746,3362,2
3747,2299,6
3748,2232,5
3748,3378,1
3749,2233,5
3751,2236,5
3753,1796,26
3753,2238,5
3754,1954,11
3754,2270,1
3754,2339,4
3755,2241,6
3756,2242,5
3757,2336,5
3759,1849,9
3759,1970,2
3759,2245,5
3760,3712,8
3761,2248,2
3761,2305,1
3762,2249,4
3763,560,6
3763,2235,5
3763,2250,5
3765,2252,6
3766,2184,3
3766,2253,63
3766,3108,2
3766,3808,2
3769,829,56
3769,2256,5
3770,2257,4
3770,3421,71
3771,2336,31
3772,2336,4
3773,2261,5
3774,2262,4
3776,2268,5
3776,2338,43
3777,2268,1
3779,172,38
3779,1778,12
3779,1794,19
3779,2276,5
3779,3026,37
3780,2278,2
3780,2295,3
3781,1796,1
3781,2280,4
3784,1285,51
3784,1942,13
3784,2293,3
3784,2325,19
3784,3793,20
3785,3357,3
3786,2078,17
3786,2697,13
3786,3362,6
3788,1627,13
3788,2293,3
3789,2294,2
3791,3357,2
3793,1057,68
3793,1586,2
3793,1757,38
3793,2047,6
3793,2240,5
3793,2293,2
3793,2306,73
3793,2323,48
3793,2776,2
3793,3108,18
3793,3345,54
3793,3426,5
3793,3515,58
3794,2302,1
3795,2088,8
3795,2089,6
3795,2186,10
3795,2215,1
3795,3383,2
3796,441,50
3796,1057,51
3796,1544,56
3796,1739,25
3796,1840,13
3796,2306,3
3799,1544,5
3799,1669,17
3799,2175,23
3799,3761,1
3800,2339,3
3801,337,49
3801,486,78
3801,943,14
3801,1144,15
3801,2232,21
3801,2267,1
3801,2281,4
3801,2323,20
3801,2331,34
3801,2612,1
3801,3362,66
3802,1776,22
3802,2331,1
3803,909,1
3803,1373,257
3803,1493,43
3803,2299,4
3803,2316,1
3803,3383,73
3804,2335,2
3806,2319,1
3807,2207,4
3807,2320,1
3808,1224,6
3808,1539,2
3808,2253,2
3808,2331,1
3809,1626,43
3809,2181,1
3809,2323,1
3809,2325,2
3809,2335,3
3810,1678,68
3810,2251,5
3810,2324,1
3811,2327,1
3811,2330,31
3813,2330,2
3814,81,15
3814,2214,1
3814,2328,31
3814,2331,1
3815,53,6
3815,591,58
3815,1851,29
3815,2244,5
3815,2252,1
3815,2254,5
3815,2292,4
3815,3357,66
3815,3362,1
3815,3378,20
3815,3671,1
3816,1455,75
3816,1750,86
3816,3712,2
3817,2310,3
3817,2313,1
3817,2324,1
3817,2328,2
3817,2335,1
3818,2336,4
3819,2264,5
3819,2306,1
3819,2308,3
3819,2318,3
3819,2338,2
3819,3463,1
3820,2237,3
3820,2270,3
3820,2340,1
3821,2345,43
3822,1975,10
3822,2347,1
3823,75,47
3823,2348,2
